cosmo,Notes,$\Omega_b$,$\Omega_c$,$h$,$A_s$,$n_s$,$\alpha_s$,$N_{ur}$,$N_{ncdm}$,$\Omega_{ncdm}$,$w_0$,$w_a$,$\sigma_8$,"$\sigma_{8,cb}$"
c000,"BaselineLCDM,Planck2018base_plikHM_TTTEEE_lowl_lowE_lensingmean",0.02237,0.12,0.6736,2.083e-09,0.9649,0.0,2.0328,1,0.0006442,-1.0,0.0,0.807952,0.811355
c001,"WMAP9+ACT+SPTLCDM,Calabrese++2017",0.02242,0.1134,0.703,2.0376e-09,0.9638,0.0,2.0328,1,0.0006442,-1.0,0.0,0.776779,0.780222
c002,"wCDMwiththawingmodelw0=-0.7,wa=-0.5",0.02237,0.12,0.6278,2.314e-09,0.9649,0.0,2.0328,1,0.0006442,-0.7,-0.5,0.808189,0.811577
c003,"Neff=3.70,frombase_nnu_plikHM_TT_lowl_lowE_Riess18_post_BAO",0.0226,0.1291,0.716,2.2438e-09,0.9876,0.0,2.6868,1,0.0006442,-1.0,0.0,0.85519,0.858583
c004,"Lowsigma8_matter=0.75,otherwiseBaselineLCDM",0.02237,0.12,0.6736,1.7949e-09,0.9649,0.0,2.0328,1,0.0006442,-1.0,0.0,0.749999,0.753159
c009,BaselineLCDMwithmasslessneutrinosmatchingomega_cb&sigma8_cb,0.02237,0.12,0.6736,2.0417e-09,0.9649,0.0,3.046,0,0.0,-1.0,0.0,0.811362,0.811362
c010,AbacusCosmosPlanckLCDMcosmology,0.02222,0.1199,0.6726,2.1e-09,0.9652,0.0,3.04,0,0.0,-1.0,0.0,0.82363,0.82363
c012,"EuclidFlagship1LCDM,sigma8_m=0.8279",0.022,0.1212,0.67,2.1e-09,0.96,0.0,3.046,0,0.0,-1.0,0.0,0.827899,0.827899
c013,"EuclidFlagship2LCDM,sigma8_m=0.813715,sigma8_cb=0.817135",0.022,0.1206,0.67,2.1e-09,0.96,0.0,2.0328,1,0.0006442,-1.0,0.0,0.813715,0.817135
c014,"OuterRimLCDM,sigma8=0.80",0.02258,0.1109,0.71,2.1591e-09,0.963,0.0,3.046,0,0.0,-1.0,0.0,0.8,0.8
c015,"DarkSkyLCDM,sigma8=0.835",0.02215,0.1175,0.688,2.1852e-09,0.9688,0.0,3.046,0,0.0,-1.0,0.0,0.835005,0.835005
c016,"HorizonRun4LCDM,sigma8=0.7937",0.02281,0.112,0.72,2.0996e-09,0.96,0.0,3.046,0,0.0,-1.0,0.0,0.793693,0.793693
c017,"IllustrisTNGLCDM,sigma8=0.8159",0.0223,0.1194,0.6774,2.0671e-09,0.9667,0.0,3.046,0,0.0,-1.0,0.0,0.815903,0.815903
c018,"MultiDarkPlanckLCDM,sigma8=0.8228",0.02214,0.1189,0.6777,2.1022e-09,0.96,0.0,3.046,0,0.0,-1.0,0.0,0.819708,0.819708
c019,BaselineLCDMwithtwo0.06eVneutrinos,0.02237,0.12,0.6683,2.1353e-09,0.9649,0.0,1.0196,2,0.0006442,-1.0,0.0,0.80505,0.811826
c020,BaselineLCDMw/masslessneutrinosmatchingtheta_star&sigma8_cb,0.02237,0.12,0.679,2.0342e-09,0.9649,0.0,3.046,0,0.0,-1.0,0.0,0.81135,0.81135
c100,Baseline+2%ln(omega_b),0.02282,0.12,0.6777,2.0934e-09,0.9649,0.0,2.0328,1,0.0006442,-1.0,0.0,0.808181,0.811575
c101,Baseline-2%ln(omega_b),0.02193,0.12,0.6696,2.0751e-09,0.9649,0.0,2.0328,1,0.0006442,-1.0,0.0,0.808156,0.81157
c102,Baseline+3.3%ln(omega_c),0.02237,0.124,0.6597,2.0205e-09,0.9649,0.0,2.0328,1,0.0006442,-1.0,0.0,0.80827,0.811574
c103,Baseline-3.3%ln(omega_c),0.02237,0.1161,0.6877,2.1541e-09,0.9649,0.0,2.0328,1,0.0006442,-1.0,0.0,0.808075,0.811582
c104,Baseline+0.01n_s,0.02237,0.12,0.6736,2.0684e-09,0.9749,0.0,2.0328,1,0.0006442,-1.0,0.0,0.808166,0.811572
c105,Baseline-0.01n_s,0.02237,0.12,0.6736,2.0999e-09,0.9549,0.0,2.0328,1,0.0006442,-1.0,0.0,0.808177,0.81158
c106,Baseline+0.02nrun,0.02237,0.12,0.6736,2.0638e-09,0.9649,0.02,2.0328,1,0.0006442,-1.0,0.0,0.808181,0.811586
c107,Baseline-0.02nrun,0.02237,0.12,0.6736,2.1045e-09,0.9649,-0.02,2.0328,1,0.0006442,-1.0,0.0,0.808168,0.811571
c108,Baseline+0.1w0,0.02237,0.12,0.6444,2.239e-09,0.9649,0.0,2.0328,1,0.0006442,-0.9,0.0,0.808177,0.81157
c109,Baseline-0.1w0,0.02237,0.12,0.7037,1.9465e-09,0.9649,0.0,2.0328,1,0.0006442,-1.1,0.0,0.808161,0.811576
c110,"Baseline+0.4wa,-0.1w0",0.02237,0.12,0.6698,2.1219e-09,0.9649,0.0,2.0328,1,0.0006442,-1.1,0.4,0.80817,0.811572
c111,"Baseline-0.4wa,+0.1w0",0.02237,0.12,0.6752,2.0639e-09,0.9649,0.0,2.0328,1,0.0006442,-0.9,-0.4,0.808179,0.811584
c112,Baseline+2%sigma8,0.02237,0.12,0.6736,2.1672e-09,0.9649,0.0,2.0328,1,0.0006442,-1.0,0.0,0.82412,0.827591
c113,Baseline-2%sigma8,0.02237,0.12,0.6736,2.0021e-09,0.9649,0.0,2.0328,1,0.0006442,-1.0,0.0,0.792107,0.795443
c114,"Baseline+0.3nnu,+3.3%ln(omega_c),+0.01n_s",0.02237,0.124,0.6947,2.0463e-09,0.9749,0.0,2.3328,1,0.0006442,-1.0,0.0,0.808245,0.811563
c115,"Baseline-0.3nnu,-3.3%ln(omega_c),-0.01n_s",0.02237,0.1161,0.6517,2.1211e-09,0.9549,0.0,1.7328,1,0.0006442,-1.0,0.0,0.808089,0.811582
c116,Emulatorgridaroundbaselinecosmology,0.02237,0.12,0.6736,2.3938e-09,0.9649,0.0,2.0328,1,0.0006442,-1.0,0.0,0.866133,0.869782
c117,Baseline+0.83%ln(omega_c),0.02237,0.121,0.6701,2.0675e-09,0.9649,0.0,2.0328,1,0.0006442,-1.0,0.0,0.808205,0.811584
c118,Baseline-0.83%ln(omega_c),0.02237,0.119,0.6771,2.1014e-09,0.9649,0.0,2.0328,1,0.0006442,-1.0,0.0,0.808152,0.811582
c119,Baseline+0.003n_s,0.02237,0.12,0.6736,2.0794e-09,0.9679,0.0,2.0328,1,0.0006442,-1.0,0.0,0.808168,0.811573
c120,Baseline-0.003n_s,0.02237,0.12,0.6736,2.0889e-09,0.9619,0.0,2.0328,1,0.0006442,-1.0,0.0,0.808181,0.811585
c121,Baseline+0.025w0,0.02237,0.12,0.6662,2.1211e-09,0.9649,0.0,2.0328,1,0.0006442,-0.975,0.0,0.808169,0.811571
c122,Baseline-0.025w0,0.02237,0.12,0.681,2.0483e-09,0.9649,0.0,2.0328,1,0.0006442,-1.025,0.0,0.80817,0.811577
c123,"Baseline+0.1wa,-0.025w0",0.02237,0.12,0.6729,2.0915e-09,0.9649,0.0,2.0328,1,0.0006442,-1.025,0.1,0.808176,0.81158
c124,"Baseline-0.1wa,+0.025w0",0.02237,0.12,0.6742,2.0778e-09,0.9649,0.0,2.0328,1,0.0006442,-0.975,-0.1,0.808175,0.81158
c125,Baseline+0.5%sigma8,0.02237,0.12,0.6736,2.1039e-09,0.9649,0.0,2.0328,1,0.0006442,-1.0,0.0,0.811995,0.815415
c126,Baseline-0.5%sigma8,0.02237,0.12,0.6736,2.0622e-09,0.9649,0.0,2.0328,1,0.0006442,-1.0,0.0,0.803908,0.807294
c130,Emulatorgridaroundbaselinecosmology,0.02237,0.12,0.6736,1.614e-09,0.9649,0.0,2.0328,1,0.0006442,-1.0,0.0,0.711201,0.714197
c131,Emulatorgridaroundbaselinecosmology,0.02237,0.1086,0.7165,2.3146e-09,0.9649,0.0,2.0328,1,0.0006442,-1.0,0.0,0.807866,0.811587
c132,Emulatorgridaroundbaselinecosmology,0.02237,0.12,0.6736,2.1791e-09,0.9049,0.0,2.0328,1,0.0006442,-1.0,0.0,0.808189,0.811584
c133,Emulatorgridaroundbaselinecosmology,0.02237,0.12,0.6736,2.6144e-09,0.9649,0.0,2.0328,1,0.0006442,-1.0,0.0,0.905163,0.908976
c134,Emulatorgridaroundbaselinecosmology,0.02237,0.1326,0.6319,1.9066e-09,0.9649,0.0,2.0328,1,0.0006442,-1.0,0.0,0.808458,0.811566
c135,Emulatorgridaroundbaselinecosmology,0.02237,0.12,0.6736,1.9904e-09,1.0249,0.0,2.0328,1,0.0006442,-1.0,0.0,0.80816,0.811573
c136,Emulatorgridaroundbaselinecosmology,0.02073,0.1192,0.6618,2.5239e-09,0.9303,0.0,2.0328,1,0.0006442,-1.0,0.0,0.882475,0.886249
c137,Emulatorgridaroundbaselinecosmology,0.02212,0.1271,0.6472,1.654e-09,0.9252,0.0,2.0328,1,0.0006442,-1.0,0.0,0.729693,0.732609
c138,Emulatorgridaroundbaselinecosmology,0.02108,0.1138,0.6847,2.2282e-09,0.9723,0.0,2.0328,1,0.0006442,-1.0,0.0,0.821432,0.825095
c139,Emulatorgridaroundbaselinecosmology,0.02416,0.1128,0.7164,2.1681e-09,0.9732,0.0,2.0328,1,0.0006442,-1.0,0.0,0.793003,0.796493
c140,Emulatorgridaroundbaselinecosmology,0.02096,0.1221,0.6536,1.8126e-09,0.9893,0.0,2.0328,1,0.0006442,-1.0,0.0,0.772033,0.775267
c141,Emulatorgridaroundbaselinecosmology,0.02381,0.1272,0.6623,1.9945e-09,0.9384,0.0,2.0328,1,0.0006442,-1.0,0.0,0.799575,0.802737
c142,Emulatorgridaroundbaselinecosmology,0.02287,0.113,0.7038,1.6701e-09,0.9927,0.0,2.0328,1,0.0006442,-1.0,0.0,0.707082,0.710219
c143,Emulatorgridaroundbaselinecosmology,0.02206,0.1278,0.6443,2.1084e-09,0.9952,0.0,2.0328,1,0.0006442,-1.0,0.0,0.847522,0.850903
c144,Emulatorgridaroundbaselinecosmology,0.0221,0.113,0.6968,2.7653e-09,0.9279,0.0,2.0328,1,0.0006442,-1.0,0.0,0.89136,0.895324
c145,Emulatorgridaroundbaselinecosmology,0.02428,0.1186,0.6961,2.1634e-09,0.9347,0.0,2.0328,1,0.0006442,-1.0,0.0,0.801404,0.804769
c146,Emulatorgridaroundbaselinecosmology,0.02097,0.118,0.6682,1.902e-09,0.9351,0.0,2.0328,1,0.0006442,-1.0,0.0,0.762696,0.765984
c147,Emulatorgridaroundbaselinecosmology,0.02113,0.1215,0.6498,1.9081e-09,0.9587,0.0,2.0328,1,0.0006442,-0.809,-0.628,0.777157,0.780416
c148,Emulatorgridaroundbaselinecosmology,0.02289,0.1201,0.6199,1.9629e-09,0.938,0.0,2.0328,1,0.0006442,-0.925,0.393,0.714913,0.717888
c149,Emulatorgridaroundbaselinecosmology,0.02188,0.12,0.6688,2.1521e-09,0.9913,0.0,2.0328,1,0.0006442,-1.174,0.613,0.824854,0.828343
c150,Emulatorgridaroundbaselinecosmology,0.02248,0.1216,0.7224,2.5099e-09,0.9355,0.0,2.0328,1,0.0006442,-1.09,-0.373,0.937655,0.94157
c151,Emulatorgridaroundbaselinecosmology,0.02315,0.1254,0.6582,2.2686e-09,0.9757,0.0,2.0328,1,0.0006442,-0.826,-0.615,0.86082,0.864288
c152,Emulatorgridaroundbaselinecosmology,0.02165,0.1148,0.6204,1.7965e-09,0.9541,0.0,2.0328,1,0.0006442,-0.732,-0.187,0.677885,0.680849
c153,Emulatorgridaroundbaselinecosmology,0.02192,0.1199,0.6092,2.2946e-09,0.9917,0.0,2.0328,1,0.0006442,-0.735,-0.172,0.794389,0.797729
c154,Emulatorgridaroundbaselinecosmology,0.02158,0.1148,0.7426,2.0689e-09,0.9538,0.0,2.0328,1,0.0006442,-1.076,-0.395,0.838698,0.842413
c155,Emulatorgridaroundbaselinecosmology,0.02369,0.1184,0.6247,2.0723e-09,0.9713,0.0,2.0328,1,0.0006442,-0.727,-0.184,0.735302,0.738388
c156,Emulatorgridaroundbaselinecosmology,0.02202,0.1261,0.6499,1.9738e-09,0.9678,0.0,2.0328,1,0.0006442,-1.176,0.621,0.801974,0.80521
c157,Emulatorgridaroundbaselinecosmology,0.02247,0.1214,0.6668,2.5108e-09,0.9356,0.0,2.0328,1,0.0006442,-1.167,0.616,0.872315,0.875941
c158,Emulatorgridaroundbaselinecosmology,0.02201,0.1262,0.6958,1.8626e-09,0.9667,0.0,2.0328,1,0.0006442,-1.082,-0.392,0.829816,0.833179
c160,Emulatorgridaroundbaselinecosmology,0.02223,0.1185,0.7456,2.0963e-09,0.9942,0.0,2.0328,1,0.0006442,-1.271,0.217,0.876756,0.880523
c161,Emulatorgridaroundbaselinecosmology,0.02282,0.1274,0.733,1.9688e-09,0.9649,0.026,2.7283,1,0.0006442,-1.0,0.0,0.793066,0.796247
c162,Emulatorgridaroundbaselinecosmology,0.02136,0.1048,0.6383,2.1592e-09,0.9297,-0.026,1.3521,1,0.0006442,-1.0,0.0,0.779589,0.783285
c163,Emulatorgridaroundbaselinecosmology,0.02135,0.129,0.728,2.1689e-09,0.9922,-0.018,2.8575,1,0.0006442,-1.0,0.0,0.838824,0.842187
c164,Emulatorgridaroundbaselinecosmology,0.02173,0.1091,0.6042,2.0003e-09,0.9211,0.016,1.1769,1,0.0006442,-1.0,0.0,0.774159,0.777681
c165,Emulatorgridaroundbaselinecosmology,0.02225,0.1278,0.7293,2.0676e-09,1.0241,0.026,2.7558,1,0.0006442,-1.0,0.0,0.835954,0.839319
c166,Emulatorgridaroundbaselinecosmology,0.02306,0.1151,0.6826,2.2779e-09,0.9691,0.038,1.9089,1,0.0006442,-1.0,0.0,0.837463,0.841106
c167,Emulatorgridaroundbaselinecosmology,0.02248,0.14,0.705,1.7321e-09,0.9715,-0.017,2.8889,1,0.0006442,-1.0,0.0,0.768419,0.771255
c168,Emulatorgridaroundbaselinecosmology,0.02157,0.1084,0.607,2.5378e-09,0.9275,0.016,1.1911,1,0.0006442,-1.0,0.0,0.871407,0.875401
c169,Emulatorgridaroundbaselinecosmology,0.02189,0.1222,0.6474,1.8067e-09,0.9898,0.038,1.9109,1,0.0006442,-1.0,0.0,0.777925,0.781158
c170,Emulatorgridaroundbaselinecosmology,0.02319,0.1076,0.6418,1.7994e-09,0.9387,-0.026,1.3411,1,0.0006442,-1.0,0.0,0.716059,0.719332
c171,Emulatorgridaroundbaselinecosmology,0.02348,0.1272,0.6733,2.2585e-09,0.9762,-0.038,2.1543,1,0.0006442,-1.0,0.0,0.852878,0.856267
c172,Emulatorgridaroundbaselinecosmology,0.02282,0.1032,0.6369,2.1259e-09,0.9012,0.017,1.1954,1,0.0006442,-1.0,0.0,0.76565,0.769278
c173,Emulatorgridaroundbaselinecosmology,0.02322,0.1161,0.68,1.8904e-09,0.9628,0.038,1.9049,1,0.0006442,-1.0,0.0,0.763962,0.767255
c174,Emulatorgridaroundbaselinecosmology,0.02302,0.1064,0.6427,2.4889e-09,0.9437,-0.026,1.3242,1,0.0006442,-1.0,0.0,0.840113,0.843996
c175,Emulatorgridaroundbaselinecosmology,0.02173,0.1336,0.6432,1.7429e-09,0.9898,-0.003,2.7456,1,0.0006442,-0.911,0.35,0.70876,0.711484
c176,Emulatorgridaroundbaselinecosmology,0.02238,0.1199,0.6972,2.312e-09,0.9459,0.036,1.9043,1,0.0006442,-1.222,0.339,0.892483,0.896318
c177,Emulatorgridaroundbaselinecosmology,0.02239,0.1344,0.682,2.0641e-09,1.0002,0.007,2.8643,1,0.0006442,-0.757,-0.443,0.806026,0.80911
c178,Emulatorgridaroundbaselinecosmology,0.02234,0.1204,0.6542,1.9665e-09,0.9424,0.037,1.8987,1,0.0006442,-0.874,-0.455,0.791239,0.794555
c179,Emulatorgridaroundbaselinecosmology,0.0224,0.1067,0.5881,2.2365e-09,0.9308,-0.003,1.1884,1,0.0006442,-0.755,-0.435,0.775969,0.779541
c180,Emulatorgridaroundbaselinecosmology,0.02258,0.1209,0.7451,2.279e-09,0.9796,-0.034,2.1722,1,0.0006442,-1.108,-0.274,0.894071,0.897833
